Metric,Value
design__lint_error__count,0
design__lint_timing_construct__count,0
design__lint_warning__count,1
design__inferred_latch__count,0
design__instance__count,7759
design__instance__area,93350.9
design__instance_unmapped__count,0
synthesis__check_error__count,0
design__max_slew_violation__count__corner:nom_fast_1p32V_m40C,0
design__max_fanout_violation__count__corner:nom_fast_1p32V_m40C,1
design__max_cap_violation__count__corner:nom_fast_1p32V_m40C,0
power__internal__total,0.0014744113432243466
power__switching__total,0.00026066656573675573
power__leakage__total,0.000004135825292905793
power__total,0.0017392137087881565
clock__skew__worst_hold__corner:nom_fast_1p32V_m40C,-0.25714833767967155
clock__skew__worst_setup__corner:nom_fast_1p32V_m40C,0.25654726291714
timing__hold__ws__corner:nom_fast_1p32V_m40C,0.11116566315455004
timing__setup__ws__corner:nom_fast_1p32V_m40C,7.051542660487462
timing__hold__tns__corner:nom_fast_1p32V_m40C,0.0
timing__setup__tns__corner:nom_fast_1p32V_m40C,0.0
timing__hold__wns__corner:nom_fast_1p32V_m40C,0
timing__setup__wns__corner:nom_fast_1p32V_m40C,0.0
timing__hold_vio__count__corner:nom_fast_1p32V_m40C,0
timing__hold_r2r__ws__corner:nom_fast_1p32V_m40C,0.111166
timing__hold_r2r_vio__count__corner:nom_fast_1p32V_m40C,0
timing__setup_vio__count__corner:nom_fast_1p32V_m40C,0
timing__setup_r2r__ws__corner:nom_fast_1p32V_m40C,9.287186
timing__setup_r2r_vio__count__corner:nom_fast_1p32V_m40C,0
design__max_slew_violation__count__corner:nom_slow_1p08V_125C,0
design__max_fanout_violation__count__corner:nom_slow_1p08V_125C,1
design__max_cap_violation__count__corner:nom_slow_1p08V_125C,0
clock__skew__worst_hold__corner:nom_slow_1p08V_125C,-0.2647231120351621
clock__skew__worst_setup__corner:nom_slow_1p08V_125C,0.262636225756753
timing__hold__ws__corner:nom_slow_1p08V_125C,0.6164962048690165
timing__setup__ws__corner:nom_slow_1p08V_125C,4.9764513918255835
timing__hold__tns__corner:nom_slow_1p08V_125C,0.0
timing__setup__tns__corner:nom_slow_1p08V_125C,0.0
timing__hold__wns__corner:nom_slow_1p08V_125C,0
timing__setup__wns__corner:nom_slow_1p08V_125C,0.0
timing__hold_vio__count__corner:nom_slow_1p08V_125C,0
timing__hold_r2r__ws__corner:nom_slow_1p08V_125C,0.616496
timing__hold_r2r_vio__count__corner:nom_slow_1p08V_125C,0
timing__setup_vio__count__corner:nom_slow_1p08V_125C,0
timing__setup_r2r__ws__corner:nom_slow_1p08V_125C,4.976451
timing__setup_r2r_vio__count__corner:nom_slow_1p08V_125C,0
design__max_slew_violation__count__corner:nom_typ_1p20V_25C,0
design__max_fanout_violation__count__corner:nom_typ_1p20V_25C,1
design__max_cap_violation__count__corner:nom_typ_1p20V_25C,0
clock__skew__worst_hold__corner:nom_typ_1p20V_25C,-0.2594328159064766
clock__skew__worst_setup__corner:nom_typ_1p20V_25C,0.25810326828573454
timing__hold__ws__corner:nom_typ_1p20V_25C,0.29077074904196076
timing__setup__ws__corner:nom_typ_1p20V_25C,6.716195789612287
timing__hold__tns__corner:nom_typ_1p20V_25C,0.0
timing__setup__tns__corner:nom_typ_1p20V_25C,0.0
timing__hold__wns__corner:nom_typ_1p20V_25C,0
timing__setup__wns__corner:nom_typ_1p20V_25C,0.0
timing__hold_vio__count__corner:nom_typ_1p20V_25C,0
timing__hold_r2r__ws__corner:nom_typ_1p20V_25C,0.290771
timing__hold_r2r_vio__count__corner:nom_typ_1p20V_25C,0
timing__setup_vio__count__corner:nom_typ_1p20V_25C,0
timing__setup_r2r__ws__corner:nom_typ_1p20V_25C,6.737422
timing__setup_r2r_vio__count__corner:nom_typ_1p20V_25C,0
design__max_slew_violation__count,0
design__max_fanout_violation__count,1
design__max_cap_violation__count,0
clock__skew__worst_hold,-0.25714833767967155
clock__skew__worst_setup,0.25654726291714
timing__hold__ws,0.11116566315455004
timing__setup__ws,4.9764513918255835
timing__hold__tns,0.0
timing__setup__tns,0.0
timing__hold__wns,0
timing__setup__wns,0.0
timing__hold_vio__count,0
timing__hold_r2r__ws,0.111166
timing__hold_r2r_vio__count,0
timing__setup_vio__count,0
timing__setup_r2r__ws,4.976451
timing__setup_r2r_vio__count,0
design__die__bbox,0.0 0.0 500.0 200.0
design__core__bbox,2.88 3.78 496.8 192.78
design__io,45
design__die__area,100000
design__core__area,93350.9
design__instance__count__stdcell,2150
design__instance__area__stdcell,32341.7
design__instance__count__macros,0
design__instance__area__macros,0
design__instance__count__padcells,0
design__instance__area__padcells,0
design__instance__count__cover,0
design__instance__area__cover,0
design__instance__utilization,0.346453
design__instance__utilization__stdcell,0.346453
design__rows,50
design__rows:CoreSite,50
design__sites,51450
design__sites:CoreSite,51450
design__instance__count__class:inverter,184
design__instance__area__class:inverter,1050.54
design__instance__count__class:sequential_cell,196
design__instance__area__class:sequential_cell,9701.6
design__instance__count__class:multi_input_combinational_cell,1236
design__instance__area__class:multi_input_combinational_cell,11936.9
flow__warnings__count,1
flow__errors__count,0
design__power_grid_violation__count__net:VGND,0
design__power_grid_violation__count__net:VPWR,0
design__power_grid_violation__count,0
design__instance__count__class:timing_repair_buffer,475
design__instance__area__class:timing_repair_buffer,8431.52
timing__drv__floating__nets,0
timing__drv__floating__pins,0
design__instance__displacement__total,0
design__instance__displacement__mean,0
design__instance__displacement__max,0
route__wirelength__estimated,43547.8
design__violations,0
design__instance__count__class:clock_buffer,55
design__instance__area__class:clock_buffer,1199.32
design__instance__count__class:clock_inverter,4
design__instance__area__class:clock_inverter,21.7728
design__instance__count__setup_buffer,0
design__instance__count__hold_buffer,306
global_route__vias,13386
global_route__wirelength,74062
antenna__violating__nets,0
antenna__violating__pins,0
route__antenna_violation__count,0
antenna_diodes_count,0
route__net,2159
route__net__special,2
route__drc_errors__iter:0,476
route__wirelength__iter:0,47498
route__drc_errors__iter:1,205
route__wirelength__iter:1,47121
route__drc_errors__iter:2,90
route__wirelength__iter:2,47035
route__drc_errors__iter:3,7
route__wirelength__iter:3,47001
route__drc_errors__iter:4,0
route__wirelength__iter:4,46992
route__drc_errors,0
route__wirelength,46992
route__vias,12207
route__vias__singlecut,12207
route__vias__multicut,0
design__disconnected_pin__count,15
design__critical_disconnected_pin__count,0
route__wirelength__max,416.22
design__instance__count__class:fill_cell,5609
design__instance__area__class:fill_cell,61009.2
timing__unannotated_net__count__corner:nom_fast_1p32V_m40C,25
timing__unannotated_net_filtered__count__corner:nom_fast_1p32V_m40C,0
timing__unannotated_net__count__corner:nom_slow_1p08V_125C,25
timing__unannotated_net_filtered__count__corner:nom_slow_1p08V_125C,0
timing__unannotated_net__count__corner:nom_typ_1p20V_25C,25
timing__unannotated_net_filtered__count__corner:nom_typ_1p20V_25C,0
timing__unannotated_net__count,25
timing__unannotated_net_filtered__count,0
design_powergrid__voltage__worst__net:VPWR__corner:nom_typ_1p20V_25C,1.19936
design_powergrid__drop__average__net:VPWR__corner:nom_typ_1p20V_25C,1.19986
design_powergrid__drop__worst__net:VPWR__corner:nom_typ_1p20V_25C,0.000638979
design_powergrid__voltage__worst__net:VGND__corner:nom_typ_1p20V_25C,0.000610187
design_powergrid__drop__average__net:VGND__corner:nom_typ_1p20V_25C,0.000125632
design_powergrid__drop__worst__net:VGND__corner:nom_typ_1p20V_25C,0.000610187
design_powergrid__voltage__worst,0.000610187
design_powergrid__voltage__worst__net:VPWR,1.19936
design_powergrid__drop__worst,0.000638979
design_powergrid__drop__worst__net:VPWR,0.000638979
design_powergrid__voltage__worst__net:VGND,0.000610187
design_powergrid__drop__worst__net:VGND,0.000610187
ir__voltage__worst,1.1999999999999999555910790149937383830547332763671875
ir__drop__avg,0.0001359999999999999989279408918463332156534306704998016357421875
ir__drop__worst,0.00063900000000000002804700915959301710245199501514434814453125
design__xor_difference__count,0
magic__drc_error__count,0
klayout__drc_error__count,0
magic__illegal_overlap__count,0
design__lvs_device_difference__count,0
design__lvs_net_difference__count,0
design__lvs_property_fail__count,0
design__lvs_error__count,0
design__lvs_unmatched_device__count,0
design__lvs_unmatched_net__count,0
design__lvs_unmatched_pin__count,0
